{"bookmarks":[{"pageid":176,"title":"这里","x":-11.249437837083184,"y":299.98500898888494}]}