{"bookmarks":[{"pageid":188,"title":"ll","x":-3.8673738900483166,"y":22.237399867777818}]}