{"bookmarks":[{"pageid":94,"title":"书签标题","x":-12.019230411029788,"y":1325.7211143365857}]}