{"bookmarks":[{"pageid":34,"title":"now","x":-5.792119392598782,"y":127.42662663717321}]}