{"bookmarks":[{"pageid":11,"title":"书签标题","x":-8.664259669582774,"y":-140.36100664724094}]}