{"bookmarks":[{"pageid":20,"title":"第三章","x":-4.418489273650268,"y":424.8547378509873}]}