{"bookmarks":[{"pageid":20,"title":"第三章","x":-4.418489273650268,"y":424.8547378509873},{"pageid":32,"title":"第五章","x":-3.7039105041400044,"y":38.659565886961296}]}