{"bookmarks":[{"pageid":70,"title":"第五章","x":-154.1249954067172,"y":-48.749998547136826}]}