{"bookmarks":[{"pageid":70,"title":"第五章","x":-154.1249954067172,"y":-48.749998547136826},{"pageid":72,"title":"书签标题","x":-106.49999682605277,"y":507.74998486787126}]}