{"bookmarks":[{"pageid":2,"title":"目录","x":-2.2463612624944362,"y":-8.760808923728302}]}